,"Bruhat Bengaluru Mahanagara Palike
Works Bill Public View
",,,,,,,,,,,,,,,,,,,,,,,,,,
0,Sl No,Job Number,Start Date,End Date,Name of Work,Ward,Office,Budget Head,Contractor,Mobile,Email,Bill Type,Order Number,Order Date,SBR Number,SBR Date,BR Number,BR Date,CBR Number,CBR Date,Payment,Gross,Gross In words,Deduction,Deduction in words,Nett,Nett in words
1,1,114-19-000009,23-Feb-2021,15-May-2021,Asphalting to south road Austintown in ward no. 114 Agaram,114 Agaram,Executive Engineer Shanthinagar East Zone,P1771 Zone Works - POW Works,N R Dayanand,8022975812,,Final,000102,23-Feb-2021,000014,26-Jul-2021,000031,28-Jul-2021,,           ,Under Process in AdCf - Acts. Supdt.,1763780,Seventeen Lakh Sixty Three Thousand Seven Hundred Eighty ,101440,One Lakh One Thousand Four Hundred Fourty ,1662340,Sixteen Lakh Sixty Two Thousand Three Hundred Fourty 
2,2,114-20-000003,09-Dec-2020,11-Oct-2021,Operation and Maintenance of street lights at area ward no 114 package E37,114 Agaram,Executive Engineer Electrical East Zone,P0300 M and R to Street Lights - Replacement of Burnt Bulbs etc. (Package),ENTIREENTERPRISE,9731927307,,Running,000051,10-Dec-2020,000146,11-Nov-2021,000141,11-Nov-2021,,           ,000387 / 02-Mar-2022 in RTGS,558684,Five Lakh Fifty Eight Thousand Six Hundred Eighty Four,65444,Sixty Five Thousand Four Hundred Fourty Four,493240,Four Lakh Ninety Three Thousand Two Hundred Fourty 
3,3,114-20-000003,10-May-2021,09-Jul-2021,Operation and Maintenance of street lights at area ward no 114 package E37,114 Agaram,Executive Engineer Electrical East Zone,P0300 M and R to Street Lights - Replacement of Burnt Bulbs etc. (Package),ENTIREENTERPRISE,9731927307,,Running,000051,10-Dec-2020,000099,05-Aug-2021,000094,05-Aug-2021,,           ,000246 / 13-Oct-2021 in RTGS,333134,Three Lakh Thirty Three Thousand One Hundred Thirty Four,39378,Thirty Nine Thousand Three Hundred Seventy Eight,293756,Two Lakh Ninety Three Thousand Seven Hundred Fifty Six
4,4,114-20-000003,10-Mar-2021,09-May-2021,Operation and Maintenance of street lights at area ward no 114 package E37,114 Agaram,Executive Engineer Electrical East Zone,P0300 M and R to Street Lights - Replacement of Burnt Bulbs etc. (Package),ENTIREENTERPRISE,9731927307,,Running,000051,10-Dec-2020,000044,09-Jun-2021,000039,09-Jun-2021,,           ,000246 / 13-Oct-2021 in RTGS,468374,Four Lakh Sixty Eight Thousand Three Hundred Seventy Four,61152,Sixty One Thousand One Hundred Fifty Two,407222,Four Lakh Seven Thousand Two Hundred Twenty Two
5,5,114-20-000003,09-Dec-2020,10-Mar-2021,Operation and Maintenance of street lights at area ward no 114 package E37,114 Agaram,Executive Engineer Electrical East Zone,P0300 M and R to Street Lights - Replacement of Burnt Bulbs etc. (Package),ENTIREENTERPRISE,9731927307,,Running,000051,10-Dec-2020,000037,08-Jun-2021,000032,08-Jun-2021,,           ,000246 / 13-Oct-2021 in RTGS,296842,Two Lakh Ninety Six Thousand Eight Hundred Fourty Two,42549,Fourty Two Thousand Five Hundred Fourty Nine,254293,Two Lakh Fifty Four Thousand Two Hundred Ninety Three
6,6,114-19-000007,22-Sep-2020,02-Nov-2020,Pot hole filling in ward no. 114 Agaram,114 Agaram,Executive Engineer Shanthinagar East Zone,P1771 Zone Works - POW Works,M Srinivasareddy ,8022975812,,Final,000051,22-Sep-2020,000035,27-Aug-2021,000056,30-Aug-2021,,           ,Under Process in AdCf - Acts. Supdt.,1989030,Nineteen Lakh Eighty Nine Thousand Thirty ,151980,One Lakh Fifty One Thousand Nine Hundred Eighty ,1837050,Eighteen Lakh Thirty Seven Thousand Fifty 
7,7,114-20-000004,26-Dec-2019,18-Mar-2020,Repair and  improvement works to BBMP Nursery School  Austin Town ward no 114,114 Agaram,Executive Engineer Education Cell Central Zone,P3285 M and R of School and College buildings,Executive Engineer -4,9916493653,,First and Final,000039,01-Sep-2020,000001,05-Sep-2020,000001,05-Sep-2020,005977,30-Mar-2021,000322 / 30-Mar-2021 in RTGS,1995200,Nineteen Lakh Ninety Five Thousand Two Hundred ,173720,One Lakh Seventy Three Thousand Seven Hundred Twenty ,1821480,Eighteen Lakh Twenty One Thousand Four Hundred Eighty 
8,8,114-20-000005,26-Dec-2019,18-Mar-2020,Repair and  improvement works to BBMP Primary School Austin Town ward no 114,114 Agaram,Executive Engineer Education Cell Central Zone,P3285 M and R of School and College buildings,Executive Engineer -4,9916493653,,First and Final,000025,31-Aug-2020,000003,05-Sep-2020,000004,05-Sep-2020,005981,30-Mar-2021,000322 / 30-Mar-2021 in RTGS,4997280,Fourty Nine Lakh Ninety Seven Thousand Two Hundred Eighty ,444870,Four Lakh Fourty Four Thousand Eight Hundred Seventy ,4552410,Fourty Five Lakh Fifty Two Thousand Four Hundred Ten
9,9,114-19-000011,08-Jul-2020,05-Sep-2020,Providing CC road and Construction of RCC covered drain at East road Austintown in ward no. 114 Agaram,114 Agaram,Executive Engineer Shanthinagar East Zone,P1771 Zone Works - POW Works,SSATHISH,9448040740,,Final,000031,09-Jul-2020,000036,24-Sep-2020,000055,24-Sep-2020,,           ,Under Process in AdCf - Acts. Supdt.,4661150,Fourty Six Lakh Sixty One Thousand One Hundred Fifty ,258025,Two Lakh Fifty Eight Thousand Twenty Five,4403125,Fourty Four Lakh Three Thousand One Hundred Twenty Five
10,10,114-19-000005,28-Jan-2020,29-Aug-2020,DRILLING OF BOREWELL AND PROVIDING WATER SUPPLY CONNECTION TO WATER SCARCITY AREA,114 Agaram,Executive Engineer Shanthinagar East Zone,P1802 Water Supply New Areas,KRIDL BHUSIRI  ACCOU,0000000000,,Final,000103,28-Jan-2020,000055,21-Jan-2021,000089,21-Jan-2021,,           ,Under Process in AdCf - Acts. Supdt.,1993990,Nineteen Lakh Ninety Three Thousand Nine Hundred Ninety ,203790,Two Lakh Three Thousand Seven Hundred Ninety ,1790200,Seventeen Lakh Ninety  Thousand Two Hundred 
11,11,114-18-000012,06-Oct-2018,30-Nov-2019,Pot-Hole filling in ward No. 114 Agaram ,114 Agaram,Executive Engineer Shanthinagar East Zone,P1771 Zone Works - POW Works,KRIDL,8022975812,,Final,000090,17-Jan-2020,000083,17-Jan-2020,000129,17-Jan-2020,001427,30-Jun-2020,000123 / 03-Jul-2020 in RTGS,975340,Nine Lakh Seventy Five Thousand Three Hundred Fourty ,122220,One Lakh Twenty Two Thousand Two Hundred Twenty ,853120,Eight Lakh Fifty Three Thousand One Hundred Twenty 
12,12,114-19-000006,06-Jan-2020,31-Dec-2020,Engaging Tractor and Labours in ward no. 114 Agaram,114 Agaram,Executive Engineer Shanthinagar East Zone,P1771 Zone Works - POW Works,MANJUNATH  D,9663621992,,Final,000086,06-Jan-2020,000001,22-Apr-2021,000008,03-May-2021,,           ,Under Process in AdCf - Acts. Supdt.,1121470,Eleven Lakh Twenty One Thousand Four Hundred Seventy ,43585,Fourty Three Thousand Five Hundred Eighty Five,1077885,Ten Lakh Seventy Seven Thousand Eight Hundred Eighty Five
13,13,114-19-000010,30-Dec-2019,03-Oct-2020,Construction of Public toilet and Sports Club in ward no. 114 Agaram,114 Agaram,Executive Engineer Shanthinagar East Zone,P1771 Zone Works - POW Works,MANJUNATH  D,9663621992,,Final,000085,30-Dec-2019,000002,22-Apr-2021,000004,03-May-2021,,           ,Under Process in AdCf - Acts. Supdt.,2976115,Twenty Nine Lakh Seventy Six Thousand One Hundred Fifteen,241755,Two Lakh Fourty One Thousand Seven Hundred Fifty Five,2734360,Twenty Seven Lakh Thirty Four Thousand Three Hundred Sixty 
14,14,114-18-000015,17-Sep-2019,30-Sep-2019,Improvements to Budda temple road and surrounding area in ward no 114 Agaram ,114 Agaram,Executive Engineer Shanthinagar East Zone,P1771 Zone Works - POW Works,SSATHISH,9448040740,,Final,000033,18-Sep-2019,000062,29-Nov-2019,000103,30-Nov-2019,,           ,000040 / 25-Apr-2022 in RTGS,4065880,Fourty  Lakh Sixty Five Thousand Eight Hundred Eighty ,222360,Two Lakh Twenty Two Thousand Three Hundred Sixty ,3843520,Thirty Eight Lakh Fourty Three Thousand Five Hundred Twenty 
15,15,114-18-000021,23-Feb-2019,22-Aug-2019,Providing Repairs Maintenance infrastructures  Upgradation to BBMP School College Building in ward no 114,114 Agaram,Executive Engineer Shanthinagar East Zone,P1590 Study Tour for Students,KRIDL BHUSIRI  ACCOU,0000000000,,Final,000202,23-Feb-2019,000080,08-Jan-2020,000127,08-Jan-2020,,           ,000089 / 10-May-2022 in RTGS,7999260,Seventy Nine Lakh Ninety Nine Thousand Two Hundred Sixty ,851245,Eight Lakh Fifty One Thousand Two Hundred Fourty Five,7148015,Seventy One Lakh Fourty Eight Thousand Fifteen
16,16,114-18-000017,20-Feb-2019,16-Apr-2019,Desilting of drains and Improvements to culverts in ward no. 114 Agaram ,114 Agaram,Executive Engineer Shanthinagar East Zone,P1771 Zone Works - POW Works,M S RAJU,8022975812,,Final,000190,20-Feb-2019,000046,31-Aug-2019,000074,31-Aug-2019,,           ,000239 / 11-Oct-2021 in RTGS,1972810,Nineteen Lakh Seventy Two Thousand Eight Hundred Ten,94235,Ninety Four Thousand Two Hundred Thirty Five,1878575,Eighteen Lakh Seventy Eight Thousand Five Hundred Seventy Five
17,17,114-18-000013,20-Feb-2019,27-Mar-2019,Maintenance of BBMP buildings in ward no. 114 Agaram  ,114 Agaram,Executive Engineer Shanthinagar East Zone,P1771 Zone Works - POW Works,M S ENGINEERING CONSTRUCTIONS ,8022975812,,Final,000189,20-Feb-2019,000009,30-Apr-2019,000013,30-Apr-2019,,           ,000111 / 19-Jul-2021 in RTGS,665430,Six Lakh Sixty Five Thousand Four Hundred Thirty ,39545,Thirty Nine Thousand Five Hundred Fourty Five,625885,Six Lakh Twenty Five Thousand Eight Hundred Eighty Five
18,18,114-17-000025,07-Jan-2019,24-Feb-2019,DESILTING OF DRAINS AND PROVIDING MISSING SLABS IN GOWTHAMPURA LOWER AGARAM ROAD AND AUSTINTOWN AND SURROUNDING IN WARD NO 114 AGARAM,114 Agaram,Executive Engineer Shanthinagar East Zone,P1771 Zone Works - POW Works,Giridh B K,8022975812,,Final,000169,07-Jan-2019,000001,05-Apr-2019,000005,09-Apr-2019,,           ,000109 / 17-Jul-2021 in RTGS,1862890,Eighteen Lakh Sixty Two Thousand Eight Hundred Ninety ,85710,Eighty Five Thousand Seven Hundred Ten,1777180,Seventeen Lakh Seventy Seven Thousand One Hundred Eighty 
19,19,114-17-000009,30-Nov-2018,25-Feb-2019,ASPHALTING TO GUBBI TEMPLE ROAD AUSTIN TOWN IN WARD NO 114 AGARAM,114 Agaram,Executive Engineer Shanthinagar East Zone,P1771 Zone Works - POW Works,H PRABHAKAR,8022975812,,Final,000151,30-Nov-2018,000079,03-Jan-2020,000126,07-Jan-2020,,           ,Under Process in EE (Acts. Supdt.),979340,Nine Lakh Seventy Nine Thousand Three Hundred Fourty ,42460,Fourty Two Thousand Four Hundred Sixty ,936880,Nine Lakh Thirty Six Thousand Eight Hundred Eighty 
20,20,114-18-000014,29-Nov-2018,05-Feb-2019,Improvements to roads and drains at Austintown and surrounding area in ward no 114 Agaram ,114 Agaram,Executive Engineer Shanthinagar East Zone,P1771 Zone Works - POW Works,AFZAL PASHA,8022975812,,Final,000148,29-Nov-2018,000054,08-Feb-2019,000094,08-Feb-2019,,           ,000067 / 08-Jun-2021 in RTGS,4080280,Fourty  Lakh Eighty  Thousand Two Hundred Eighty ,195885,One Lakh Ninety Five Thousand Eight Hundred Eighty Five,3884395,Thirty Eight Lakh Eighty Four Thousand Three Hundred Ninety Five
21,21,114-17-000008,15-Sep-2017,21-Jan-2019,PROVIDING CEMENT  CONCRETE ROAD TO AUSTINTOWN MATERNITY HOME IN WARD NO 114 AGARAM,114 Agaram,Executive Engineer Shanthinagar East Zone,P1771 Zone Works - POW Works,Sharanappa,8022975812,,Final,000129,16-Nov-2018,000066,19-Mar-2019,000110,19-Mar-2019,,           ,000078 / 16-Jun-2021 in RTGS,1464760,Fourteen Lakh Sixty Four Thousand Seven Hundred Sixty ,79954,Seventy Nine Thousand Nine Hundred Fifty Four,1384806,Thirteen Lakh Eighty Four Thousand Eight Hundred Six
22,22,114-18-000011,30-Oct-2018,30-Oct-2019,Engaging Tractor and Labours in ward no. 114 Agaram ,114 Agaram,Executive Engineer Shanthinagar East Zone,P1771 Zone Works - POW Works,VEENA S ,8022975812,,Final,000098,30-Oct-2018,000025,13-Aug-2020,000038,14-Aug-2020,,           ,Under Process in AdCf - Acts. Supdt.,1195260,Eleven Lakh Ninety Five Thousand Two Hundred Sixty ,60990,Sixty  Thousand Nine Hundred Ninety ,1134270,Eleven Lakh Thirty Four Thousand Two Hundred Seventy 
23,23,114-18-000020,27-Jun-2018,14-Aug-2018,Providing Safety grill and beautification around Indira Canteen in Ward No. 114 Agaram  ,114 Agaram,Executive Engineer Shanthinagar East Zone,P3106 Nagarothana Works,KRIDL,8022975812,,Final,000040,27-Jun-2018,000040,31-Oct-2018,000057,31-Oct-2018,008252,26-Dec-2018,000323 / 16-Jan-2019 in RTGS,1199490,Eleven Lakh Ninety Nine Thousand Four Hundred Ninety ,132370,One Lakh Thirty Two Thousand Three Hundred Seventy ,1067120,Ten Lakh Sixty Seven Thousand One Hundred Twenty 
24,24,114-18-000005,02-Jan-2018,31-Mar-2018,IMPROVEMENTS 4TH SQUARE PARK IN WARD NO 114,114 Agaram,Executive Engineer Project East Zone,P0311 Landscape Development Of Parks/Medians/Boulevants and Circles(Janoodya Works),M/s KRIDL ,8022975815,,First and Final,000023,19-Feb-2018,000057,22-Jan-2019,000076,23-Jan-2019,007798,20-Jan-2020,000363 / 23-Jan-2020 in RTGS,998980,Nine Lakh Ninety Eight Thousand Nine Hundred Eighty ,106880,One Lakh Six Thousand Eight Hundred Eighty ,892100,Eight Lakh Ninety Two Thousand One Hundred 
25,25,114-18-000006,02-Jan-2018,27-Mar-2018,PROVIDING SEATING ARRANGEMENTS CHAIN LINK FENCING  AND OTHER DEVELOPMENT WORKS TO 5TH SQUARE PARK IN WARD NO 114,114 Agaram,Executive Engineer Project East Zone,P0311 Landscape Development Of Parks/Medians/Boulevants and Circles(Janoodya Works),M/s KRIDL ,8022975815,,First and Final,000022,19-Feb-2018,000056,22-Jan-2019,000075,23-Jan-2019,007799,20-Jan-2020,000363 / 23-Jan-2020 in RTGS,1990800,Nineteen Lakh Ninety  Thousand Eight Hundred ,212045,Two Lakh Twelve Thousand Fourty Five,1778755,Seventeen Lakh Seventy Eight Thousand Seven Hundred Fifty Five
26,26,114-18-000007,02-Jan-2018,27-Sep-2019,SINKISNG OF BOREWELL PROVIDING CHILDREN PLAY EQIPMENTS GYM EQUIPMENTS PATHWAY AND OTHER DEVELOPMENT WORKS IN GOWTHAMPURA PLAY GROUND PARK IN WARD NO 114,114 Agaram,Executive Engineer Project East Zone,P0311 Landscape Development Of Parks/Medians/Boulevants and Circles(Janoodya Works),KRIDL BHUSIRI  ACCOU,0000000000,,Running,000019,18-Feb-2018,000044,22-Dec-2019,000044,31-Dec-2019,,           ,000064 / 30-Apr-2022 in RTGS,3887630,Thirty Eight Lakh Eighty Seven Thousand Six Hundred Thirty ,403235,Four Lakh Three Thousand Two Hundred Thirty Five,3484395,Thirty Four Lakh Eighty Four Thousand Three Hundred Ninety Five
27,27,114-17-000011,24-Apr-2017,18-Jun-2017,PROVIDING CEMENT CONCRETE ROAD TO DEENABANDU NAGARA IN WARD NO 114 AGARAM,114 Agaram,Executive Engineer Shanthinagar East Zone,P1771 Zone Works - POW Works,R K Transport Proprietor S Veena,8022975812,,Final,000106,22-Jan-2018,000070,23-Jan-2018,000095,23-Jan-2018,003149,27-Jun-2019,000096 / 01-Jul-2019 in RTGS,1498540,Fourteen Lakh Ninety Eight Thousand Five Hundred Fourty ,87470,Eighty Seven Thousand Four Hundred Seventy ,1411070,Fourteen Lakh Eleven Thousand Seventy 
28,28,114-17-000012,24-Apr-2017,20-Jun-2017,PROVIDING CEMENT CONCRETE ROADS TO NANJAPPA GARDEN KRISHNAPPA GARDEN RAMAIAH GARDEN IN WARD NO 114 AGARAM,114 Agaram,Executive Engineer Shanthinagar East Zone,P1771 Zone Works - POW Works,R K Transport Proprieter Veena S ,8022975812,,Final,000107,22-Jan-2018,000071,23-Jan-2018,000096,23-Jan-2018,003150,27-Jun-2019,000096 / 01-Jul-2019 in RTGS,1998700,Nineteen Lakh Ninety Eight Thousand Seven Hundred ,117925,One Lakh Seventeen Thousand Nine Hundred Twenty Five,1880775,Eighteen Lakh Eighty  Thousand Seven Hundred Seventy Five
29,29,114-17-000003,27-Apr-2017,20-Jun-2017,DESILTING  AND IMPROVEMENT OF DRAIN IN GOWTHAMPURA IN WARD NO 114 AGARAM,114 Agaram,Executive Engineer Shanthinagar East Zone,P1771 Zone Works - POW Works,M/s R K Transport,8022975812,,Final,000093,09-Jan-2018,000063,10-Jan-2018,000082,10-Jan-2018,003025,24-Jun-2019,000096 / 01-Jul-2019 in RTGS,1290860,Twelve Lakh Ninety  Thousand Eight Hundred Sixty ,76145,Seventy Six Thousand One Hundred Fourty Five,1214715,Twelve Lakh Fourteen Thousand Seven Hundred Fifteen
30,30,114-17-000005,24-Apr-2017,20-Jun-2017,PROVIDING CEMENT CONCRETE ROAD TO RUDRAPPA GARDEN SURROUNDING AREA IN WARD NO 114 AGARAM,114 Agaram,Executive Engineer Shanthinagar East Zone,P1771 Zone Works - POW Works,M/s R K Transport Proprieter Veena S,8022975812,,Final,000094,09-Jan-2018,000064,10-Jan-2018,000083,10-Jan-2018,003026,24-Jun-2019,000096 / 01-Jul-2019 in RTGS,1994640,Nineteen Lakh Ninety Four Thousand Six Hundred Fourty ,117690,One Lakh Seventeen Thousand Six Hundred Ninety ,1876950,Eighteen Lakh Seventy Six Thousand Nine Hundred Fifty 
31,31,114-17-000006,24-Apr-2017,23-May-2017,PROVIDING CEMENT CONCRETE ROAD TO OKKADAPALAYA IN WARD NO 114 AGARAM,114 Agaram,Executive Engineer Shanthinagar East Zone,P1771 Zone Works - POW Works,High end Constructions Prop Bharath S,8022975812,,Final,000095,09-Jan-2018,000066,10-Jan-2018,000085,10-Jan-2018,003029,24-Jun-2019,000096 / 01-Jul-2019 in RTGS,998400,Nine Lakh Ninety Eight Thousand Four Hundred ,58930,Fifty Eight Thousand Nine Hundred Thirty ,939470,Nine Lakh Thirty Nine Thousand Four Hundred Seventy 
32,32,114-17-000007,24-Apr-2017,22-May-2017,PROVIDING CEMENT CONCRETE ROAD TO JAIRAJNAGAR IN WARD NO 114 AGARAM,114 Agaram,Executive Engineer Shanthinagar East Zone,P1771 Zone Works - POW Works,Highend Constructions Prop Bharat S,8022975812,,Final,000096,09-Jan-2018,000065,10-Jan-2018,000084,10-Jan-2018,003028,24-Jun-2019,000096 / 01-Jul-2019 in RTGS,998060,Nine Lakh Ninety Eight Thousand Sixty ,58910,Fifty Eight Thousand Nine Hundred Ten,939150,Nine Lakh Thirty Nine Thousand One Hundred Fifty 
33,33,114-17-000019,30-Jun-2017,01-Sep-2017,Rewiring  and improvements to lighting system at Corporation nursery and Primary school near Jhon Bull street in Austin Town in Agaram ward no 114,114 Agaram,Executive Engineer Electrical East Zone,"P0294 M and R to Electrical Inst in BMP Buildings, Schools, M.Homes, Community Halls, Markets and Others",M/s SMG Electricals,9740870344,,First and Final,000086,30-Nov-2017,000064,30-Nov-2017,000053,30-Nov-2017,008182,21-Dec-2018,000310 / 02-Jan-2019 in RTGS,171480,One Lakh Seventy One Thousand Four Hundred Eighty ,9030,Nine Thousand Thirty ,162450,One Lakh Sixty Two Thousand Four Hundred Fifty 
34,34,114-17-000001,22-May-2017,30-Jun-2017,Pot-Hole filling and depot collection in ward No. 114 Agaram.,114 Agaram,Executive Engineer Shanthinagar East Zone,P1771 Zone Works - POW Works,K S VISHWANATHA,8022975812,,Final,000043,26-Oct-2017,000022,26-Oct-2017,000054,01-Nov-2017,008190,29-Nov-2017,000310 / 29-Nov-2017 in RTGS,1998634,Nineteen Lakh Ninety Eight Thousand Six Hundred Thirty Four,137910,One Lakh Thirty Seven Thousand Nine Hundred Ten,1860724,Eighteen Lakh Sixty  Thousand Seven Hundred Twenty Four
35,35,114-17-000021,29-Jun-2017,31-Mar-2021,Rewiring and improvements to lighting system at Austin Maternity Home in Agaram ward no 114,114 Agaram,Executive Engineer Electrical East Zone,"P0294 M and R to Electrical Inst in BMP Buildings, Schools, M.Homes, Community Halls, Markets and Others",MEGHANAELECTRICALS,9845368181,,First and Final,000027,31-Jul-2017,000064,18-Jun-2021,000059,18-Jun-2021,,           ,Under Process in AdCf - Acts. Supdt.,322230,Three Lakh Twenty Two Thousand Two Hundred Thirty ,32122,Thirty Two Thousand One Hundred Twenty Two,290108,Two Lakh Ninety  Thousand One Hundred Eight
36,36,114-16-000001,11-Jul-2018,07-Jan-2021,Operation and Maintenance of street lights at  Agaram and Vannarpet  area ward nos 114 and 115  Package E29 for one year.,114 Agaram,Executive Engineer Electrical East Zone,P0300 M and R to Street Lights - Replacement of Burnt Bulbs etc. (Package),M/s.Hitech Electricals,9901801661,,Running,000003,31-Jul-2017,000004,21-Apr-2021,000004,21-Apr-2021,,           ,000082 / 18-Jun-2021 in RTGS,407894,Four Lakh Seven Thousand Eight Hundred Ninety Four,54582,Fifty Four Thousand Five Hundred Eighty Two,353312,Three Lakh Fifty Three Thousand Three Hundred Twelve
37,37,114-16-000001,11-Jul-2018,06-Jan-2021,Operation and Maintenance of street lights at  Agaram and Vannarpet  area ward nos 114 and 115  Package E29 for one year.,114 Agaram,Executive Engineer Electrical East Zone,P0300 M and R to Street Lights - Replacement of Burnt Bulbs etc. (Package),M/s.Hitech Electricals,9901801661,,Final,000003,31-Jul-2017,000005,21-Apr-2021,000005,21-Apr-2021,,           ,000082 / 18-Jun-2021 in RTGS,81308,Eighty One Thousand Three Hundred Eight,11508,Eleven Thousand Five Hundred Eight,69800,Sixty Nine Thousand Eight Hundred 
38,38,114-16-000001,11-Jul-2018,03-Oct-2020,Operation and Maintenance of street lights at  Agaram and Vannarpet  area ward nos 114 and 115  Package E29 for one year.,114 Agaram,Executive Engineer Electrical East Zone,P0300 M and R to Street Lights - Replacement of Burnt Bulbs etc. (Package),M/s.Hitech Electricals,9901801661,,Running,000003,31-Jul-2017,000123,10-Nov-2020,000124,10-Nov-2020,003083,30-Nov-2020,000218 / 01-Dec-2020 in RTGS,886991,Eight Lakh Eighty Six Thousand Nine Hundred Ninety One,124320,One Lakh Twenty Four Thousand Three Hundred Twenty ,762671,Seven Lakh Sixty Two Thousand Six Hundred Seventy One
39,39,114-16-000001,11-Jul-2018,02-May-2020,Operation and Maintenance of street lights at  Agaram and Vannarpet  area ward nos 114 and 115  Package E29 for one year.,114 Agaram,Executive Engineer Electrical East Zone,P0300 M and R to Street Lights - Replacement of Burnt Bulbs etc. (Package),M/s.Hitech Electricals,9901801661,,Running,000003,31-Jul-2017,000034,18-May-2020,000036,18-May-2020,000956,17-Jun-2020,000082 / 20-Jun-2020 in RTGS,354796,Three Lakh Fifty Four Thousand Seven Hundred Ninety Six,46142,Fourty Six Thousand One Hundred Fourty Two,308654,Three Lakh Eight Thousand Six Hundred Fifty Four
40,40,114-16-000001,11-Jul-2018,03-Mar-2020,Operation and Maintenance of street lights at  Agaram and Vannarpet  area ward nos 114 and 115  Package E29 for one year.,114 Agaram,Executive Engineer Electrical East Zone,P0300 M and R to Street Lights - Replacement of Burnt Bulbs etc. (Package),M/s.Hitech Electricals,9901801661,,Running,000003,31-Jul-2017,000207,16-Mar-2020,000207,16-Mar-2020,000938,17-Jun-2020,000082 / 20-Jun-2020 in RTGS,532194,Five Lakh Thirty Two Thousand One Hundred Ninety Four,69358,Sixty Nine Thousand Three Hundred Fifty Eight,462836,Four Lakh Sixty Two Thousand Eight Hundred Thirty Six
41,41,114-16-000001,11-Jul-2018,02-Dec-2019,Operation and Maintenance of street lights at  Agaram and Vannarpet  area ward nos 114 and 115  Package E29 for one year.,114 Agaram,Executive Engineer Electrical East Zone,P0300 M and R to Street Lights - Replacement of Burnt Bulbs etc. (Package),M/s.Hitech Electricals,9901801661,,Running,000003,31-Jul-2017,000157,20-Dec-2019,000157,20-Dec-2019,008377,05-Feb-2020,000396 / 11-Feb-2020 in RTGS,532194,Five Lakh Thirty Two Thousand One Hundred Ninety Four,72348,Seventy Two Thousand Three Hundred Fourty Eight,459846,Four Lakh Fifty Nine Thousand Eight Hundred Fourty Six
42,42,114-16-000001,11-Jul-2018,03-Sep-2019,Operation and Maintenance of street lights at  Agaram and Vannarpet  area ward nos 114 and 115  Package E29 for one year.,114 Agaram,Executive Engineer Electrical East Zone,P0300 M and R to Street Lights - Replacement of Burnt Bulbs etc. (Package),M/s.Hitech Electricals,9901801661,,Running,000003,31-Jul-2017,000117,21-Oct-2019,000117,21-Oct-2019,008375,05-Feb-2020,000396 / 11-Feb-2020 in RTGS,354796,Three Lakh Fifty Four Thousand Seven Hundred Ninety Six,47142,Fourty Seven Thousand One Hundred Fourty Two,307654,Three Lakh Seven Thousand Six Hundred Fifty Four
43,43,114-16-000001,11-Jul-2018,01-Jul-2019,Operation and Maintenance of street lights at  Agaram and Vannarpet  area ward nos 114 and 115  Package E29 for one year.,114 Agaram,Executive Engineer Electrical East Zone,P0300 M and R to Street Lights - Replacement of Burnt Bulbs etc. (Package),M/s.Hitech Electricals,9901801661,,Running,000003,31-Jul-2017,000059,23-Jul-2019,000059,23-Jul-2019,004305,03-Aug-2019,000149 / 08-Aug-2019 in RTGS,354796,Three Lakh Fifty Four Thousand Seven Hundred Ninety Six,45972,Fourty Five Thousand Nine Hundred Seventy Two,308824,Three Lakh Eight Thousand Eight Hundred Twenty Four
44,44,114-16-000001,01-Feb-2019,30-Apr-2019,Operation and Maintenance of street lights at  Agaram and Vannarpet  area ward nos 114 and 115  Package E29 for one year.,114 Agaram,Executive Engineer Electrical East Zone,P0300 M and R to Street Lights - Replacement of Burnt Bulbs etc. (Package),M/s.Hitech Electricals,9901801661,,Running,000003,31-Jul-2017,000018,21-May-2019,000015,21-May-2019,002354,03-Jun-2019,000073 / 07-Jun-2019 in RTGS,532194,Five Lakh Thirty Two Thousand One Hundred Ninety Four,72928,Seventy Two Thousand Nine Hundred Twenty Eight,459266,Four Lakh Fifty Nine Thousand Two Hundred Sixty Six
45,45,114-16-000001,11-Jul-2018,02-Feb-2019,Operation and Maintenance of street lights at  Agaram and Vannarpet  area ward nos 114 and 115  Package E29 for one year.,114 Agaram,Executive Engineer Electrical East Zone,P0300 M and R to Street Lights - Replacement of Burnt Bulbs etc. (Package),M/s.Hitech Electricals,9901801661,,Running,000003,31-Jul-2017,000241,22-Feb-2019,000240,22-Feb-2019,001081,26-Apr-2019,000032 / 27-Apr-2019 in RTGS,886991,Eight Lakh Eighty Six Thousand Nine Hundred Ninety One,124089,One Lakh Twenty Four Thousand Eighty Nine,762902,Seven Lakh Sixty Two Thousand Nine Hundred Two
46,46,114-16-000001,20-Feb-2017,01-Sep-2018,Operation and Maintenance of street lights at  Agaram and Vannarpet  area ward nos 114 and 115  Package E29 for one year.,114 Agaram,Executive Engineer Electrical East Zone,P0300 M and R to Street Lights - Replacement of Burnt Bulbs etc. (Package),M/s.Hitech Electricals,9901801661,,Running,000003,31-Jul-2017,000153,28-Sep-2018,000150,28-Sep-2018,000506,12-Apr-2019,000020 / 20-Apr-2019 in RTGS,1064389,Ten Lakh Sixty Four Thousand Three Hundred Eighty Nine,87455,Eighty Seven Thousand Four Hundred Fifty Five,976934,Nine Lakh Seventy Six Thousand Nine Hundred Thirty Four
47,47,114-16-000001,20-Feb-2017,05-Mar-2018,Operation and Maintenance of street lights at  Agaram and Vannarpet  area ward nos 114 and 115  Package E29 for one year.,114 Agaram,Executive Engineer Electrical East Zone,P0300 M and R to Street Lights - Replacement of Burnt Bulbs etc. (Package),M/s.Hitech Electricals,9901801661,,Running,000003,31-Jul-2017,000203,06-Mar-2018,000192,06-Mar-2018,003961,18-Jul-2018,000134 / 20-Jul-2018 in RTGS,561939,Five Lakh Sixty One Thousand Nine Hundred Thirty Nine,45648,Fourty Five Thousand Six Hundred Fourty Eight,516291,Five Lakh Sixteen Thousand Two Hundred Ninety One
48,48,114-16-000001,01-Mar-2017,30-Jun-2017,Operation and Maintenance of street lights at  Agaram and Vannarpet  area ward nos 114 and 115  Package E29 for one year.,114 Agaram,Executive Engineer Electrical East Zone,P0300 M and R to Street Lights - Replacement of Burnt Bulbs etc. (Package),M/s.Hitech Electricals,9901801661,,Running,000003,31-Jul-2017,000111,12-Jan-2018,000103,20-Jan-2018,003882,16-Jul-2018,000127 / 18-Jul-2018 in RTGS,749252,Seven Lakh Fourty Nine Thousand Two Hundred Fifty Two,79293,Seventy Nine Thousand Two Hundred Ninety Three,669959,Six Lakh Sixty Nine Thousand Nine Hundred Fifty Nine
49,49,114-16-000001,01-Jul-2017,30-Nov-2017,Operation and Maintenance of street lights at  Agaram and Vannarpet  area ward nos 114 and 115  Package E29 for one year.,114 Agaram,Executive Engineer Electrical East Zone,P0300 M and R to Street Lights - Replacement of Burnt Bulbs etc. (Package),M/s.Hitech Electricals,9901801661,,Running,000003,31-Jul-2017,000112,12-Jan-2018,000104,20-Jan-2018,003884,16-Jul-2018,000127 / 18-Jul-2018 in RTGS,936566,Nine Lakh Thirty Six Thousand Five Hundred Sixty Six,76123,Seventy Six Thousand One Hundred Twenty Three,860443,Eight Lakh Sixty  Thousand Four Hundred Fourty Three
50,50,114-17-000020,30-Jun-2017,01-Sep-2017,Rewiring and improvements to lighting system at Corporation Girls High school and Junior College Austin town in ward no 114,114 Agaram,Executive Engineer Electrical East Zone,"P0294 M and R to Electrical Inst in BMP Buildings, Schools, M.Homes, Community Halls, Markets and Others",M/s SMG Electricals	,8904148945,,First and Final,000061,31-Jul-2017,000065,30-Nov-2017,000054,30-Nov-2017,008637,07-Jan-2019,000336 / 01-Feb-2019 in RTGS,284884,Two Lakh Eighty Four Thousand Eight Hundred Eighty Four,14728,Fourteen Thousand Seven Hundred Twenty Eight,270156,Two Lakh Seventy  Thousand One Hundred Fifty Six
51,51,114-14-000029,31-Mar-2015,17-May-2016,Development of football field at Ward No.114  ,114 Agaram,Executive Engineer Project East Zone,P1771 Zone Works - POW Works,KRIDL,8022975815,,First and Final,000174,01-Jun-2017,000002,31-Mar-2017,000128,31-May-2016,006083,01-Oct-2018,000231 / 12-Oct-2018 in RTGS,2443144,Twenty Four Lakh Fourty Three Thousand One Hundred Fourty Four,193041,One Lakh Ninety Three Thousand Fourty One,2250103,Twenty Two Lakh Fifty  Thousand One Hundred Three
52,52,114-16-000005,11-Jan-2017,19-Jan-2018,PROVIDING CEMENT CONCRETE AND CC PATCH WORKS IN AUSTIN TOWN 6TH SQUARE GROUND AND SURROUNDING AREA IN WARD NO 114 AGARAM,114 Agaram,Executive Engineer Shanthinagar East Zone,P1771 Zone Works - POW Works,SRIKANTHA KR ,8022975812,,Final,000053,11-Jan-2017,000024,02-Aug-2018,000029,02-Aug-2018,000250,26-May-2020,000048 / 29-May-2020 in RTGS,855290,Eight Lakh Fifty Five Thousand Two Hundred Ninety ,48965,Fourty Eight Thousand Nine Hundred Sixty Five,806325,Eight Lakh Six Thousand Three Hundred Twenty Five
53,53,114-16-000002,18-Apr-2016,18-May-2016,Construction  of  RCC retaning wall in place of collapsed SSM wall for SWD K-103 at Austin town road near foot bridge in ward no 114 115 and construction of retaning wall at PALM groove road near Victoria layout in ward no 111,114 Agaram,Chief Engineer SWD Central Zone,P3106 Nagarothana Works,K Suresh,9008643580,,Final,000011,23-Nov-2016,000010,10-Jun-2016,000070,30-Jun-2016,006799,16-Oct-2017,000254 / 17-Oct-2017 in RTGS,1390950,Thirteen Lakh Ninety  Thousand Nine Hundred Fifty ,116850,One Lakh Sixteen Thousand Eight Hundred Fifty ,1274100,Twelve Lakh Seventy Four Thousand One Hundred 
54,54,114-16-000002,14-Mar-2016,13-Jun-2016,Construction  of  RCC retaning wall in place of collapsed SSM wall for SWD K-103 at Austin town road near foot bridge in ward no 114 115 and construction of retaning wall at PALM groove road near Victoria layout in ward no 111,114 Agaram,Chief Engineer SWD Central Zone,P3106 Nagarothana Works,K Suresh,9008643580,,Running,000011,23-Nov-2016,000002,28-Apr-2016,000017,30-Apr-2016,006798,16-Oct-2017,000254 / 17-Oct-2017 in RTGS,2577500,Twenty Five Lakh Seventy Seven Thousand Five Hundred ,157300,One Lakh Fifty Seven Thousand Three Hundred ,2420200,Twenty Four Lakh Twenty  Thousand Two Hundred 
55,55,114-15-000021,24-Jun-2016,05-Aug-2016, Providing street lighting accessories to Agram and Vannarpet ward 114 and 115  ,114 Agaram,Executive Engineer Electrical East Zone,P1828 Provision of Additional Fittings Streetlights,M/s Kiran Electrical Enterprises,9880158718,,First and Final,000/48,24-Jun-2016,000074,20-Sep-2016,000195,20-Sep-2016,009279,30-Jan-2018,000378 / 01-Feb-2018 in RTGS,97368,Ninety Seven Thousand Three Hundred Sixty Eight,11800,Eleven Thousand Eight Hundred ,85568,Eighty Five Thousand Five Hundred Sixty Eight
56,56,114-16-000007,20-Apr-2016,20-May-2016,DESILTING OF DRAINS AND PROVIDING PATCH WORKS IN RUDRAPPA GARDEN IN WARD NO 114 AGARAM,114 Agaram,Executive Engineer Shanthinagar East Zone,P1771 Zone Works - POW Works,SRIKANTHA K R ,8022975812,,Final,000008,20-May-2016,000097,29-Sep-2016,000122,29-Sep-2016,002414,11-Jun-2018,000090 / 18-Jun-2018 in RTGS,767865,Seven Lakh Sixty Seven Thousand Eight Hundred Sixty Five,52987,Fifty Two Thousand Nine Hundred Eighty Seven,714878,Seven Lakh Fourteen Thousand Eight Hundred Seventy Eight
57,57,114-16-000008,20-Apr-2017,10-Feb-2018,PROVIDING CEMENT CONCRETE AND PATCH WORKS AT GOWTHAMPURA AREA IN WARD NO 114 AGARAM,114 Agaram,Executive Engineer Shanthinagar East Zone,P1771 Zone Works - POW Works,SRIKANTHA KR ,8022975812,,Final,000003,20-Apr-2016,000023,02-Aug-2018,000028,02-Aug-2018,000827,12-Jun-2020,000077 / 16-Jun-2020 in RTGS,1292000,Twelve Lakh Ninety Two Thousand ,73257,Seventy Three Thousand Two Hundred Fifty Seven,1218743,Twelve Lakh Eighteen Thousand Seven Hundred Fourty Three
58,58,114-16-000011,20-Apr-2016,30-Jun-2018,ENGAGING TRACTOR AND LABOUR FOR WARD MAINTENANCE,114 Agaram,Executive Engineer Shanthinagar East Zone,P1771 Zone Works - POW Works,SRIKANTHA k r ,8022975812,,Final,000005,20-Apr-2016,000026,02-Aug-2018,000031,02-Aug-2018,008769,04-Mar-2020,000420 / 09-Mar-2020 in RTGS,696000,Six Lakh Ninety Six Thousand ,37975,Thirty Seven Thousand Nine Hundred Seventy Five,658025,Six Lakh Fifty Eight Thousand Twenty Five
59,59,114-16-000006,20-Apr-2016,20-May-2016,DESILTING OF DRAINS AND PROVIDING PATCH WORKS IN JAIRAJNAGAR IN WARD NO 114 AGARAM,114 Agaram,Executive Engineer Shanthinagar East Zone,P1771 Zone Works - POW Works,SRIKANTHA K R ,8022975812,,Final,000009,20-Apr-2016,000098,29-Sep-2016,000121,29-Sep-2016,002412,11-Jun-2018,000090 / 18-Jun-2018 in RTGS,921235,Nine Lakh Twenty One Thousand Two Hundred Thirty Five,63575,Sixty Three Thousand Five Hundred Seventy Five,857660,Eight Lakh Fifty Seven Thousand Six Hundred Sixty 
60,60,114-16-000004,11-Jan-2017,23-Jan-2018,PROVIDING CEMENT CONCRETE TO AUSTING TOWN 1ST SQUARE IN WARD NO 114 AGRAM,114 Agaram,Executive Engineer Shanthinagar East Zone,P1771 Zone Works - POW Works,K S VISHWANATHA,8022975812,,Final,000054,11-Apr-2016,000025,02-Aug-2018,000030,02-Aug-2018,000436,28-May-2020,000061 / 05-Jun-2020 in RTGS,876220,Eight Lakh Seventy Six Thousand Two Hundred Twenty ,50085,Fifty  Thousand Eighty Five,826135,Eight Lakh Twenty Six Thousand One Hundred Thirty Five
61,61,114-14-000001,19-May-2014,31-May-2014,PROVIDING PROTECTION GRILL TOWARDS STORM WATER DRAIN AND COBBLE STONE PAVEMENT AND OTHER WORKS AT GOWTHAMPURA FOOTBALL GROUND  IN WARD NO 114 AGRAM  ,114 Agaram,Executive Engineer Shanthinagar East Zone,P1771 Zone Works - POW Works,M S Raju,8022975812,,Running,000007,01-Apr-2016,000026,31-May-2014,000058,31-May-2014,006576,13-Jan-2017,000174 / 21-Jan-2017 in RTGS,730000,Seven Lakh Thirty  Thousand ,48530,Fourty Eight Thousand Five Hundred Thirty ,681470,Six Lakh Eighty One Thousand Four Hundred Seventy 
62,62,114-15-000024,04-Mar-2016,31-Mar-2016,CONSTRUCTION OF BALANCE WORK OF SAMUDAYA BHAVAN IN WARD NO 114 AGARAM,114 Agaram,Executive Engineer Shanthinagar East Zone,P1771 Zone Works - POW Works,MS RAJU ,9845327879,,Final,000053,04-Mar-2016,000041,31-Mar-2016,000174,31-Mar-2016,005268,22-Sep-2016,000147 / 25-Nov-2016 in RTGS,1556170,Fifteen Lakh Fifty Six Thousand One Hundred Seventy ,102760,One Lakh Two Thousand Seven Hundred Sixty ,1453410,Fourteen Lakh Fifty Three Thousand Four Hundred Ten
63,63,114-15-000019,16-Jun-2015,10-Jul-2015,IPOT HOLE FILLING    IN WARD NO.114-AGARAM,114 Agaram,Executive Engineer Shanthinagar East Zone,P1771 Zone Works - POW Works,PRATEEK K R ,8022975812,,Final,000020,16-Jun-2015,000026,10-Jul-2015,000076,27-Jun-2016,004147,22-Jul-2017,000155 / 25-Jul-2017 in RTGS,977500,Nine Lakh Seventy Seven Thousand Five Hundred ,64580,Sixty Four Thousand Five Hundred Eighty ,912920,Nine Lakh Twelve Thousand Nine Hundred Twenty 
64,64,114-14-000031,18-May-2015,29-Aug-2015,"Constriction of drain and Providing, barricading to KBAR road Austintown in ward No.114, Agaram  ",114 Agaram,Executive Engineer Shanthinagar East Zone,P2415 Reserve fund for TandF Committee,T RAJASHEKAR REDDY,8022975812,,Final,000014,20-Apr-2015,000018,29-Sep-2015,000111,30-Sep-2015,002971,12-Jun-2017,000100 / 14-Jun-2017 in RTGS,4575000,Fourty Five Lakh Seventy Five Thousand ,305247,Three Lakh Five Thousand Two Hundred Fourty Seven,4269753,Fourty Two Lakh Sixty Nine Thousand Seven Hundred Fifty Three
65,65,114-14-000030,29-Jun-2015,05-Aug-2015,"Providing  barricading to Cambridge road in Ward No. 114, Agaram  ",114 Agaram,Executive Engineer Shanthinagar East Zone,P2415 Reserve fund for TandF Committee,T Rajashekar Reddy,8095393925,,Final,000013,20-Apr-2015,000014,06-Aug-2015,000100,18-Aug-2015,002437,31-May-2017,000084 / 01-Jun-2017 in RTGS,4660930,Fourty Six Lakh Sixty  Thousand Nine Hundred Thirty ,308540,Three Lakh Eight Thousand Five Hundred Fourty ,4352390,Fourty Three Lakh Fifty Two Thousand Three Hundred Ninety 
66,66,114-15-000015,02-Mar-2015,31-Mar-2015,IMPROVEMENTS TO DRAIN AND FOOTPATH IN 5TH AND 4TH SQUARES IN AUSTINTOWN      IN WARD NO.114-AGARAM,114 Agaram,Executive Engineer Shanthinagar East Zone,P1771 Zone Works - POW Works,M P CONSTRUCTIONS ,8022975812,,Final,000068,02-Mar-2015,000084,30-Apr-2015,000005,06-Apr-2015,000431,19-Apr-2017,000025 / 21-Apr-2017 in RTGS,958260,Nine Lakh Fifty Eight Thousand Two Hundred Sixty ,63245,Sixty Three Thousand Two Hundred Fourty Five,895015,Eight Lakh Ninety Five Thousand Fifteen
67,67,114-14-000014,21-Nov-2014,20-Nov-2015,  MAINTENANCE OF WARD BY ENGAGING PRIVATE LABOURS TRACTOR AND REMOVAL OF DEBRIS IN WARD NO 114 AGARAM,114 Agaram,Executive Engineer Shanthinagar East Zone,P1771 Zone Works - POW Works,B S GURUBABU ,8022975812,,Second and Final,000-44,22-Nov-2014,000020,31-Dec-2015,000139,31-Dec-2015,004973,27-Aug-2016,000135 / 26-Oct-2016 in RTGS,382550,Three Lakh Eighty Two Thousand Five Hundred Fifty ,8300,Eight Thousand Three Hundred ,374250,Three Lakh Seventy Four Thousand Two Hundred Fifty 
68,68,114-14-000014,21-Nov-2014,20-Jul-2015,  MAINTENANCE OF WARD BY ENGAGING PRIVATE LABOURS TRACTOR AND REMOVAL OF DEBRIS IN WARD NO 114 AGARAM,114 Agaram,Executive Engineer Shanthinagar East Zone,P1771 Zone Works - POW Works,B S GURUBABU,8022975812,,Running,000044,21-Nov-2014,000011,01-Jul-2015,000050,20-Jul-2015,005899,26-Feb-2016,003102 / 19-Mar-2016 in RTGS,666550,Six Lakh Sixty Six Thousand Five Hundred Fifty ,13336,Thirteen Thousand Three Hundred Thirty Six,653214,Six Lakh Fifty Three Thousand Two Hundred Fourteen
69,69,114-13-000031,21-Jul-2014,04-Sep-2014,RESTORATION OF CULVERTS  IN WARD NO 114 AGARAM,114 Agaram,Executive Engineer Shanthinagar East Zone,P1771 Zone Works - POW Works,K SEETHARAM,8022975812,,Final,000031,21-Jul-2014,000056,29-Nov-2014,000154,29-Nov-2014,006145,21-Dec-2016,000157 / 23-Dec-2016 in RTGS,1480700,Fourteen Lakh Eighty  Thousand Seven Hundred ,98900,Ninety Eight Thousand Nine Hundred ,1381800,Thirteen Lakh Eighty One Thousand Eight Hundred 
70,70,114-14-000005,17-May-2014,30-Oct-2014,ADDITIONAL WORKS TO THE EXISTING SAMUDHAYA BHAVANA IN WARD NO 114 AGARAM,114 Agaram,Executive Engineer Shanthinagar East Zone,P1771 Zone Works - POW Works,M S RAJU,8022975812,,Final,000003,17-May-2014,000078,28-Feb-2015,000210,28-Feb-2015,002144,08-Jun-2016,000053 / 13-Jun-2016 in RTGS,1996588,Nineteen Lakh Ninety Six Thousand Five Hundred Eighty Eight,131982,One Lakh Thirty One Thousand Nine Hundred Eighty Two,1864606,Eighteen Lakh Sixty Four Thousand Six Hundred Six
71,71,114-14-000003,30-Aug-2014,30-Sep-2014,PROVIDING CONCRETING TO 6TH 7TH AND 8TH CROSS ROADS IN GOWTHAMPURA WARD NO 114 AGARAM,114 Agaram,Executive Engineer Shanthinagar East Zone,P1771 Zone Works - POW Works,C.PUSHPA,8022975812,,Running,000-38,01-Apr-2014,000051,30-Sep-2014,000139,30-Sep-2014,004482,09-Aug-2016,000098 / 12-Aug-2016 in RTGS,979813,Nine Lakh Seventy Nine Thousand Eight Hundred Thirteen,63687,Sixty Three Thousand Six Hundred Eighty Seven,916126,Nine Lakh Sixteen Thousand One Hundred Twenty Six
72,72,114-14-000026,04-Mar-2014,30-May-2014,Construction of Compound wall around the Drywaste collection centre and Providing and laying CC to Roads at Ayyappa Block In Ward No 114   ,114 Agaram,Executive Engineer Shanthinagar East Zone,P2434 Development works for Bangalore City,KRIDL,8022975812,,Final,000152,04-Mar-2014,000024,31-May-2014,000056,31-May-2014,003837,21-Jul-2016,000086 / 29-Jul-2016 in RTGS,2695880,Twenty Six Lakh Ninety Five Thousand Eight Hundred Eighty ,278380,Two Lakh Seventy Eight Thousand Three Hundred Eighty ,2417500,Twenty Four Lakh Seventeen Thousand Five Hundred 
73,73,114-14-000017,03-Mar-2014,30-Mar-2014,REMOVAL OF HISTORICAL DEBRIS  IN WARD NO 114 AGARAM,114 Agaram,Executive Engineer Shanthinagar East Zone,P1771 Zone Works - POW Works,TECHNICAL MANAGER KRIDL,8022975812,,Final,000135,01-Mar-2014,000064,27-Jan-2015,000176,27-Jan-2015,007201,10-Feb-2017,000190 / 17-Feb-2017 in RTGS,439800,Four Lakh Thirty Nine Thousand Eight Hundred ,31240,Thirty One Thousand Two Hundred Fourty ,408560,Four Lakh Eight Thousand Five Hundred Sixty 
74,74,114-14-000013,01-Mar-2014,30-Sep-2014,  FILLING OF POTHOLES IN WARD NO 114 AGARAM,114 Agaram,Executive Engineer Shanthinagar East Zone,P1771 Zone Works - POW Works,TECHNICAL MANAGER KRIDL,8022975812,,Final,000137,01-Mar-2014,000052,30-Sep-2014,000138,30-Sep-2014,004272,04-Aug-2016,000097 / 10-Aug-2016 in RTGS,1098420,Ten Lakh Ninety Eight Thousand Four Hundred Twenty ,108223,One Lakh Eight Thousand Two Hundred Twenty Three,990197,Nine Lakh Ninety  Thousand One Hundred Ninety Seven
75,75,114-14-000017,03-Mar-2014,30-Mar-2014,REMOVAL OF HISTORICAL DEBRIS  IN WARD NO 114 AGARAM,114 Agaram,Executive Engineer Shanthinagar East Zone,P1771 Zone Works - POW Works,TECHNICAL MANAGER KRIDL,8022975812,,Final,000135,01-Mar-2014,,           ,,           ,,           ,Under Process in Asst. Exec. Engineer,439800,Four Lakh Thirty Nine Thousand Eight Hundred ,0,,0,
76,76,114-13-000013,10-Feb-2014,28-Nov-2014,REPAIRS  TO ELECTRICAL INSTALLATION IN PLAY GROUNDS AT AGARAM IN WARD NO 114,114 Agaram,Executive Engineer Electrical East Zone,"P0298 M and R to Electrical Installations in Parks and Gardens, Playgrounds, Burial Grounds",KIRAN ELECTRICAL ENTERPRISES,9880158718,,First and Final,000031,10-Feb-2014,000012,29-Dec-2014,000217,29-Nov-2014,006146,21-Dec-2016,000157 / 23-Dec-2016 in RTGS,99044,Ninety Nine Thousand Fourty Four,8390,Eight Thousand Three Hundred Ninety ,90654,Ninety  Thousand Six Hundred Fifty Four
77,77,114-13-000029,23-Jan-2014,31-Jan-2014,RENOVATION OF ROOM AND IMPROVEMENTS TO THE PLAYGROUND OF 6TH SQUARE IN AUSTIN TOWN WARD NO 114 AGARAM,114 Agaram,Executive Engineer Shanthinagar East Zone,P1771 Zone Works - POW Works,M V SURESH KUMAR ,8022975812,,Final,00116A,31-Jan-2014,000065,31-Jan-2014,000342,31-Jan-2014,000212,07-Apr-2017,000047 / 08-May-2017 in RTGS,380537,Three Lakh Eighty  Thousand Five Hundred Thirty Seven,25111,Twenty Five Thousand One Hundred Eleven,355426,Three Lakh Fifty Five Thousand Four Hundred Twenty Six
78,78,114-13-000004,02-Apr-2014,26-Apr-2014,CONCRETING OF ROAD FROM MURUGAN TEMPLE TO NAGAMMANAGARA SWD SERVICE ROAD IN AGARAM WARD NO 114,114 Agaram,Executive Engineer Shanthinagar East Zone,P1771 Zone Works - POW Works,G S UMASHANKAR,8022975812,,First and Final,000115,23-Jan-2014,000023,31-May-2014,000078,30-Jun-2014,001787,01-Jun-2016,000045 / 04-Jun-2016 in RTGS,1715228,Seventeen Lakh Fifteen Thousand Two Hundred Twenty Eight,113204,One Lakh Thirteen Thousand Two Hundred Four,1602024,Sixteen Lakh Two Thousand Twenty Four
79,79,114-13-000005,07-Feb-2014,03-Mar-2014,CONCRETING OF ROADS IN 2ND SQUARE AUSTIN TOWN IN WARD NO 114,114 Agaram,Executive Engineer Shanthinagar East Zone,P1771 Zone Works - POW Works,G S UMASHANKAR,8022975812,,Final,00-116,23-Jan-2014,000005,30-Apr-2014,000017,30-Apr-2014,000484,27-Apr-2016,000015 / 02-May-2016 in RTGS,1645620,Sixteen Lakh Fourty Five Thousand Six Hundred Twenty ,108610,One Lakh Eight Thousand Six Hundred Ten,1537010,Fifteen Lakh Thirty Seven Thousand Ten
80,80,114-14-000009,16-Jan-2014,31-Jan-2014,  CONSTRUCTION OF RCC DRAIN WITH COVERING SLAB IN 5TH SQUARE OF AUSTIN TOWN IN WARD NO 114 AGARAM,114 Agaram,Executive Engineer Shanthinagar East Zone,P1771 Zone Works - POW Works,V BHARANIDHARAN ,8022975812,,Final,000112,16-Jan-2014,000069,31-Jan-2014,000348,31-Jan-2014,000861,02-May-2016,000021 / 06-May-2016 in RTGS,947000,Nine Lakh Fourty Seven Thousand ,62502,Sixty Two Thousand Five Hundred Two,884498,Eight Lakh Eighty Four Thousand Four Hundred Ninety Eight
81,81,114-13-000006,10-Jan-2014,31-Jan-2014,CONCRETING OF ROADS IN 3RD SQUARE AUSTIN TOWN IN WARD NO 114,114 Agaram,Executive Engineer Shanthinagar East Zone,P1771 Zone Works - POW Works,G S UMASHANKAR,8022975812,,Final,00-108,08-Jan-2014,000004,30-Apr-2014,000016,30-Apr-2014,000483,27-Apr-2016,000015 / 02-May-2016 in RTGS,1632742,Sixteen Lakh Thirty Two Thousand Seven Hundred Fourty Two,107759,One Lakh Seven Thousand Seven Hundred Fifty Nine,1524983,Fifteen Lakh Twenty Four Thousand Nine Hundred Eighty Three
82,82,114-13-000007,10-Jan-2014,26-Feb-2014,CONCRETING OF ROADS IN 4TH SQUARE AUSTIN TOWN IN WARD NO 114,114 Agaram,Executive Engineer Shanthinagar East Zone,P1771 Zone Works - POW Works,G S UMASHANKAR ,8022975812,,Final,000109,08-Jan-2014,000074,28-Feb-2014,000356,28-Feb-2014,005256,30-Jan-2016,002689 / 10-Feb-2016 in RTGS,1653874,Sixteen Lakh Fifty Three Thousand Eight Hundred Seventy Four,109152,One Lakh Nine Thousand One Hundred Fifty Two,1544722,Fifteen Lakh Fourty Four Thousand Seven Hundred Twenty Two
83,83,114-12-000051,23-Dec-2013,30-Dec-2013,ELECTRIFICATION WORKS  TO SAMUDHAYA BHAVANA AND ANGANAWADI,114 Agaram,Executive Engineer Electrical East Zone,P1771 Zone Works - POW Works,POWER TECH ELECTRICALS,9901801661,,First and Final,000017,23-Dec-2013,000128,31-Mar-2013,000188,31-Dec-2013,000766,02-Jul-2015,001200 / 16-Nov-2015 in RTGS,196334,One Lakh Ninety Six Thousand Three Hundred Thirty Four,14434,Fourteen Thousand Four Hundred Thirty Four,181900,One Lakh Eighty One Thousand Nine Hundred 
84,84,114-13-000030,23-Jan-2014,31-Jan-2014,DEMOLITION OF DETERIORATED SCHOOL BUILDING BLOCK OF YERAPPA GARDEN BOYS HIGH SCHOOL  IN AUSTIN TOWN WARD NO 114 AGARAM,114 Agaram,Executive Engineer Shanthinagar East Zone,P1771 Zone Works - POW Works,M V SURESH KUMAR ,8022975812,,Final,000-89,22-Dec-2013,000066,31-Jan-2014,000343,31-Jan-2014,006678,30-Mar-2016,000013 / 28-Apr-2016 in RTGS,102499,One Lakh Two Thousand Four Hundred Ninety Nine,7499,Seven Thousand Four Hundred Ninety Nine,95000,Ninety Five Thousand 
85,85,114-13-000003,10-Dec-2013,25-Apr-2016,PROVIDING AND CONSTRUCTION OF RCC DRAIN WITH COVERING SLAB IN RUDRAPPA GARDEN IN WARD NO 114,114 Agaram,Executive Engineer Shanthinagar East Zone,P1771 Zone Works - POW Works,K S Mylegowda,8022975812,,Final,000092,10-Dec-2013,000046,29-Apr-2016,000039,30-May-2016,009570,05-Feb-2018,000385 / 08-Feb-2018 in RTGS,1711680,Seventeen Lakh Eleven Thousand Six Hundred Eighty ,217310,Two Lakh Seventeen Thousand Three Hundred Ten,1494370,Fourteen Lakh Ninety Four Thousand Three Hundred Seventy 
86,86,114-12-000047,16-Aug-2013,27-Nov-2013,REPLACEMENT OF 150MM DIA SW LAYING BY PROVIDING AND LAYING 225MM DIA SW LINE AT 4TH CROSS GOWTHAMPURA TO 2ND MAIN ROAD GOWTHAM PURA,114 Agaram,Executive Engineer Shanthinagar East Zone,P1771 Zone Works - POW Works,BWSSB ,8022975812,,Final,000-03,30-Nov-2013,00-045,21-Nov-2013,,           ,,           ,Under Process in Executive Engineer,100000,One Lakh ,0,,100000,One Lakh 
87,87,114-12-000048,30-Apr-2013,27-Nov-2013,REPLACEMENT OF 150MM DIA SW LAYING BY PROVIDING AND LAYING 225MM DIA SW LINE AT 2ND CROSS GOWTHAMPURA TO NALA ROAD,114 Agaram,Executive Engineer Shanthinagar East Zone,P1771 Zone Works - POW Works,BWSSB ,8022975812,,Final,000-02,30-Nov-2013,000045,21-Nov-2013,,           ,,           ,Under Process in Executive Engineer,100000,One Lakh ,0,,0,
88,88,114-12-000049,21-Aug-2013,27-Nov-2013,REPLACEMENT OF 150MM DIA SW LAYING BY PROVIDING AND LAYING 225MM DIA SW LINE AT 3RD CROSS GOWTHAMPURA UPTO 2ND MAIN ROAD GOWTHAM PURA,114 Agaram,Executive Engineer Shanthinagar East Zone,P1771 Zone Works - POW Works,BWSSB ,8022975812,,Running,000-01,30-Nov-2013,000-45,21-Nov-2013,,           ,,           ,Under Process in Executive Engineer,100000,One Lakh ,0,,0,
89,89,114-13-000008,21-Oct-2013,02-Dec-2013,CONCRETING OF SOUTH ROADS AT AUSTIN TOWN IN WARD NO 114,114 Agaram,Executive Engineer Shanthinagar East Zone,P1771 Zone Works - POW Works,g s umashankar,8022975812,,Final,000063,21-Oct-2013,000056,31-Dec-2013,000314,31-Dec-2013,005366,08-Feb-2016,002839 / 20-Feb-2016 in RTGS,905598,Nine Lakh Five Thousand Five Hundred Ninety Eight,59766,Fifty Nine Thousand Seven Hundred Sixty Six,845832,Eight Lakh Fourty Five Thousand Eight Hundred Thirty Two
90,90,114-13-000009,30-Nov-2013,18-Dec-2013,PROVIDING AND LAYING CONCRETE TO STANDSHLEEY STREET AT AUSTIN TOWN IN WARD NO 114,114 Agaram,Executive Engineer Shanthinagar East Zone,P1771 Zone Works - POW Works,G S UMASHANKAR,8022975812,,Final,000-64,21-Oct-2013,000055,31-Dec-2013,000313,31-Dec-2013,005255,30-Jan-2016,002688 / 10-Feb-2016 in RTGS,1652325,Sixteen Lakh Fifty Two Thousand Three Hundred Twenty Five,109052,One Lakh Nine Thousand Fifty Two,1543273,Fifteen Lakh Fourty Three Thousand Two Hundred Seventy Three
91,91,114-12-000054,19-Sep-2013,19-Oct-2013,PROVIDING AND CONSTRUCTION OF DRAIN IN GOWTHAMPURA 2ND STAGE,114 Agaram,Executive Engineer Shanthinagar East Zone,P1771 Zone Works - POW Works,K SEETHARAMA,8022975812,,First and Final,000060,19-Sep-2013,000007,30-Apr-2015,000013,02-May-2015,001708,18-May-2017,000066 / 23-May-2017 in RTGS,358250,Three Lakh Fifty Eight Thousand Two Hundred Fifty ,23670,Twenty Three Thousand Six Hundred Seventy ,334580,Three Lakh Thirty Four Thousand Five Hundred Eighty 
92,92,114-13-000010,01-Mar-2014,29-Mar-2014,PROVIDING AND LAYING CONCRETE TO DEENABANDHUNAGARA SLUM IN WARD NO 114,114 Agaram,Executive Engineer Shanthinagar East Zone,P1771 Zone Works - POW Works,R Vijaya kumar,0123456789,,Final,000058,19-Sep-2013,000088,29-Mar-2014,000377,29-Mar-2014,004435,31-Dec-2015,002025 / 08-Jan-2016 in RTGS,895571,Eight Lakh Ninety Five Thousand Five Hundred Seventy One,58209,Fifty Eight Thousand Two Hundred Nine,837362,Eight Lakh Thirty Seven Thousand Three Hundred Sixty Two
93,93,114-13-000002,19-Sep-2013,30-Sep-2013,DESILTING OF DRAINS IN WARD NO 114,114 Agaram,Executive Engineer Shanthinagar East Zone,P1771 Zone Works - POW Works,N R DAYANAND ,9590886777,,Final,000059,19-Sep-2013,000042,30-Sep-2013,000175,30-Sep-2013,000895,04-Jul-2015,000110 / 07-Jul-2015 in RTGS,733998,Seven Lakh Thirty Three Thousand Nine Hundred Ninety Eight,15420,Fifteen Thousand Four Hundred Twenty ,718578,Seven Lakh Eighteen Thousand Five Hundred Seventy Eight
94,94,114-13-000012,16-Aug-2013,30-Aug-2014,ENGAGING PRIVATE LABOUR AND TRACTOR IN WARD NO 114 AGARAM,114 Agaram,Executive Engineer Shanthinagar East Zone,P1771 Zone Works - POW Works,K SEETHARAM,9844432455,,Second and Final,0-0051,16-Aug-2013,000006,30-Apr-2015,000012,02-May-2015,003155,23-Jun-2016,000070 / 02-Jul-2016 in RTGS,294814,Two Lakh Ninety Four Thousand Eight Hundred Fourteen,18100,Eighteen Thousand One Hundred ,276714,Two Lakh Seventy Six Thousand Seven Hundred Fourteen
95,95,114-13-000012,17-Aug-2013,06-May-2014,ENGAGING PRIVATE LABOUR AND TRACTOR IN WARD NO 114 AGARAM,114 Agaram,Executive Engineer Shanthinagar East Zone,P1771 Zone Works - POW Works,K SEETHARAM,8022975812,,Running,000-51,16-Aug-2013,000077,30-Jan-2015,000187,30-Jan-2015,000231,17-Apr-2016,000014 / 29-Apr-2016 in RTGS,898580,Eight Lakh Ninety Eight Thousand Five Hundred Eighty ,54900,Fifty Four Thousand Nine Hundred ,843680,Eight Lakh Fourty Three Thousand Six Hundred Eighty 
96,96,114-12-000050,01-Apr-2013,21-Nov-2013,REPLACEMENT OF 150MM DIA SW LAYING BY PROVIDING AND LAYING 225MM DIA SW LINE AT 1ST MAIN ROAD GOWTHAMPURA,114 Agaram,Executive Engineer Shanthinagar East Zone,P1771 Zone Works - POW Works,BWSSB,8022975812,,Final,000000,01-Apr-2013,,           ,,           ,,           ,Under Process in Asst. Exec. Engineer,100000,One Lakh ,0,,0,
97,97,114-13-000016,08-Mar-2013,30-Apr-2016,Reconstruction of Drain  with Covering slab and providing tiles and barricading to footpath at 515 Workshop road In Agram Ward No 114   ,114 Agaram,Executive Engineer Shanthinagar East Zone,P2201 Assembly Constituency Development Works under BBMP,KRIDL ,8022975812,,Final,000241,08-Mar-2013,000047,29-Apr-2016,000012,30-Apr-2016,007604,09-Nov-2017,000290 / 17-Nov-2017 in RTGS,4284724,Fourty Two Lakh Eighty Four Thousand Seven Hundred Twenty Four,551099,Five Lakh Fifty One Thousand Ninety Nine,3733625,Thirty Seven Lakh Thirty Three Thousand Six Hundred Twenty Five
98,98,114-12-000021,20-Feb-2013,08-Aug-2013,PROVIDING CONTROL LINES TIMER BOXES ETC TO AGRAM SURROUNDING AREA,114 Agaram,Executive Engineer Electrical East Zone,P1828 Provision of Additional Fittings Streetlights,MEGHANA ELECTRICALS,9845368181,,First and Final,000115,20-Feb-2013,000095,26-Aug-2013,000138,29-Aug-2013,000794,02-Jul-2015,000113 / 07-Jul-2015 in RTGS,78324,Seventy Eight Thousand Three Hundred Twenty Four,10190,Ten Thousand One Hundred Ninety ,68134,Sixty Eight Thousand One Hundred Thirty Four
99,99,114-12-000045,04-Nov-2013,31-Jan-2014,Concreting of roads in Mayabazaar ub ward no 114,114 Agaram,Executive Engineer Shanthinagar East Zone,P2434 Development works for Bangalore City,K S SEETHARAM,8022975812,,Final,000192,02-Nov-2012,000072,31-Jan-2014,000352,31-Jan-2014,005365,08-Feb-2016,002838 / 20-Feb-2016 in RTGS,2095726,Twenty  Lakh Ninety Five Thousand Seven Hundred Twenty Six,197435,One Lakh Ninety Seven Thousand Four Hundred Thirty Five,1898291,Eighteen Lakh Ninety Eight Thousand Two Hundred Ninety One
100,100,114-12-000046,28-May-2013,27-Jul-2013,Construction of RCC Drain in Ayyappa block in ward no 114 of Agaram,114 Agaram,Executive Engineer Shanthinagar East Zone,P2434 Development works for Bangalore City,K SEETHARAM ,9341255915,,First and Final,000191,02-Nov-2012,000033,31-Jul-2013,000125,31-Jul-2013,001775,28-Jul-2015,000355 / 31-Jul-2015 in RTGS,1565984,Fifteen Lakh Sixty Five Thousand Nine Hundred Eighty Four,160590,One Lakh Sixty  Thousand Five Hundred Ninety ,1405394,Fourteen Lakh Five Thousand Three Hundred Ninety Four
101,101,114-12-000033,27-Dec-2012,21-Jan-2013,IMPROVEMENTS OF SAMUDAYA BHAVANA IN WARD NO 114 AGARAM,114 Agaram,Executive Engineer Shanthinagar East Zone,P1771 Zone Works - POW Works,T K PRADEEP ,9901051848,,Final,000178,22-Aug-2012,000020,30-Jun-2013,000065,29-Jun-2013,002103,18-Aug-2015,000555 / 18-Aug-2015 in RTGS,420939,Four Lakh Twenty  Thousand Nine Hundred Thirty Nine,48821,Fourty Eight Thousand Eight Hundred Twenty One,372118,Three Lakh Seventy Two Thousand One Hundred Eighteen
102,102,114-12-000035,14-May-2013,24-May-2013,CONCRETING OF BAD ROADS IN GOWTHAMPURA IN WARD NO 114 AGARAM,114 Agaram,Executive Engineer Shanthinagar East Zone,P1771 Zone Works - POW Works,K SEETHARAM,9341255915,,Final,000143,06-Aug-2012,000038,31-Aug-2013,000167,31-Aug-2014,001710,28-Jul-2015,000355 / 31-Jul-2015 in RTGS,672870,Six Lakh Seventy Two Thousand Eight Hundred Seventy ,68678,Sixty Eight Thousand Six Hundred Seventy Eight,604192,Six Lakh Four Thousand One Hundred Ninety Two
103,103,114-11-000055,03-Jun-2013,02-Aug-2013,Demolition and Construction of toilet in Jairajnagara  A Street,114 Agaram,Executive Engineer Shanthinagar East Zone,P1771 Zone Works - POW Works,T CHANDRASHEKAR ,8022975812,,Final,000149,06-Aug-2012,000013,31-May-2014,000037,31-May-2014,001192,19-May-2016,000031 / 20-May-2016 in RTGS,1024800,Ten Lakh Twenty Four Thousand Eight Hundred ,92294,Ninety Two Thousand Two Hundred Ninety Four,932506,Nine Lakh Thirty Two Thousand Five Hundred Six
104,104,114-11-000049,06-Aug-2012,12-Sep-2012,Patching of concrete roads and renovation works in Ward No. 114 Agram Package 01 ( 3 works) ,114 Agaram,Executive Engineer Shanthinagar East Zone,P1771 Zone Works - POW Works,T Chandrashekar,8022975812,,Final,000150,06-Aug-2012,000053,31-Dec-2013,000312,31-Dec-2013,007068,26-Oct-2017,000262 / 28-Oct-2017 in RTGS,616709,Six Lakh Sixteen Thousand Seven Hundred Nine,75015,Seventy Five Thousand Fifteen,541694,Five Lakh Fourty One Thousand Six Hundred Ninety Four
105,105,114-12-000042,12-Nov-2013,27-Nov-2013,PROVIDING AND LAYING PIPELINE IN GOWTHAMPURA IN WARD NO 114 IN AGRAM,114 Agaram,Executive Engineer Shanthinagar East Zone,P1802 Water Supply New Areas,K SEETHARAM,8022975812,,Final,000141,06-Aug-2012,000049,30-Nov-2013,000274,30-Nov-2013,000974,12-May-2016,000028 / 17-May-2016 in RTGS,405787,Four Lakh Five Thousand Seven Hundred Eighty Seven,50000,Fifty  Thousand ,355787,Three Lakh Fifty Five Thousand Seven Hundred Eighty Seven
106,106,114-12-000023,14-May-2012,09-May-2013,MAINTANENCE OF WARD BY ENGAGING PRIVATE LABOURS AND TRACTOR FOR TWELVE MONTHS IN WARD NO 114 AGARAM,114 Agaram,Executive Engineer Shanthinagar East Zone,P1771 Zone Works - POW Works,G S UMASHANKAR,9980323415,,First and Final,000005,14-May-2012,000013,31-May-2013,000041,30-May-2013,000363,22-Jun-2015,000315 / 25-Jun-2015 in RTGS,1257800,Twelve Lakh Fifty Seven Thousand Eight Hundred ,76725,Seventy Six Thousand Seven Hundred Twenty Five,1181075,Eleven Lakh Eighty One Thousand Seventy Five
107,107,114-11-000063,06-Jan-2012,02-Feb-2012,Concreting of Bad roads in jayarajnagara in ward no. 114,114 Agaram,Executive Engineer Shanthinagar East Zone,P1771 Zone Works - POW Works,A.MANJUNATH,9900944551,,First and Final,000338,28-Dec-2011,000148,30-Mar-2012,000011,30-Apr-2013,000810,02-Jul-2015,000106 / 07-Jul-2015 in RTGS,1898643,Eighteen Lakh Ninety Eight Thousand Six Hundred Fourty Three,191643,One Lakh Ninety One Thousand Six Hundred Fourty Three,1707000,Seventeen Lakh Seven Thousand 
108,108,114-11-000034,30-Jul-2011,03-Dec-2015,SINKING OF BOREWELL AND PROVIDING AND FIXING SUBMERCIBLE PUMPSET AND ELECTRIFICATION AND PIPELINE WORKSIN WARD NO.114,114 Agaram,Executive Engineer Shanthinagar East Zone,P1802 Water Supply New Areas,TECHNICAL MANAGER KRIDL ,8022975812,,Final,000178,27-Jul-2011,000-36,23-Mar-2016,000170,23-Mar-2016,008044,06-Mar-2017,000217 / 18-Mar-2017 in RTGS,561500,Five Lakh Sixty One Thousand Five Hundred ,64437,Sixty Four Thousand Four Hundred Thirty Seven,497063,Four Lakh Ninety Seven Thousand Sixty Three
109,109,114-11-000019,09-Nov-2012,06-Dec-2012,Additional work  for Anganawadi  Building ,114 Agaram,Executive Engineer Shanthinagar East Zone,P1771 Zone Works - POW Works,R RAMESH,8022975812,,Final,000166,27-Jun-2011,000143,30-Mar-2013,000579,30-Apr-2014,,           ,Under Process in EE (Acts. Supdt.),98918,Ninety Eight Thousand Nine Hundred Eighteen,15800,Fifteen Thousand Eight Hundred ,83118,Eighty Three Thousand One Hundred Eighteen
